index,image_name,annotation_name,height,bbox_split_Robert
0,Cloud_WaterSubVeg_60m_train2.JPG,Cloud_WaterSubVeg_60m_train2.txt,59,train
1,Cloud_WaterVegetation_60m_train.JPG,Cloud_WaterVegetation_60m_train.txt,59,train
2,Cloud_WaterSubVeg_15m_test2.JPG,Cloud_WaterSubVeg_15m_test2.txt,15,test
3,Sun_WaterSubVeg_30m_train.JPG,Sun_WaterSubVeg_30m_train.txt,29,train
4,Sun_OpenWater_60m_test2.JPG,Sun_OpenWater_60m_test2.txt,59,train
5,Cloud_WaterVegetation_15m_test2.JPG,Cloud_WaterVegetation_15m_test2.txt,15,test
6,Cloud_Ice_15m_test.JPG,Cloud_Ice_15m_test.txt,14,train
7,Sun_Land_60m_train.JPG,Sun_Land_60m_train.txt,59,train
8,Cloud_WaterSubVeg_60m_train.JPG,Cloud_WaterSubVeg_60m_train.txt,59,train
9,Cloud_Ice_15m_test2.JPG,Cloud_Ice_15m_test2.txt,14,train
10,Cloud_WaterVegetation_15m_test.JPG,Cloud_WaterVegetation_15m_test.txt,15,train
11,Sun_OpenWater_90m_test2.JPG,Sun_OpenWater_90m_test2.txt,90,train
12,Cloud_Land_60m_test.JPG,Cloud_Land_60m_test.txt,59,train
13,Cloud_Land_30m_train.JPG,Cloud_Land_30m_train.txt,30,train
14,Cloud_Ice_90m_test.JPG,Cloud_Ice_90m_test.txt,90,test
15,Cloud_Land_30m_test.JPG,Cloud_Land_30m_test.txt,29,train
16,Cloud_WaterVegetation_60m_test2.JPG,Cloud_WaterVegetation_60m_test2.txt,59,test
17,Sun_OpenWater_90m_train.JPG,Sun_OpenWater_90m_train.txt,89,train
18,Cloud_WaterVegetation_30m_test2.JPG,Cloud_WaterVegetation_30m_test2.txt,30,train
19,Cloud_WaterVegetation_30m_test.JPG,Cloud_WaterVegetation_30m_test.txt,29,train
20,Sun_Ice_30m_train.JPG,Sun_Ice_30m_train.txt,30,train
21,Sun_Land_15m_train.JPG,Sun_Land_15m_train.txt,15,train
22,Sun_WaterVegetation_90m_train.JPG,Sun_WaterVegetation_90m_train.txt,89,test
23,Sun_WaterCorn_15m_train2.JPG,Sun_WaterCorn_15m_train2.txt,15,train
24,Sun_Land_30m_train2.JPG,Sun_Land_30m_train2.txt,29,train
25,Sun_WaterVegetation_30m_train.JPG,Sun_WaterVegetation_30m_train.txt,30,test
26,Sun_WaterVegetation_30m_test.JPG,Sun_WaterVegetation_30m_test.txt,29,train
27,Sun_WaterSubVeg_15m_train.JPG,Sun_WaterSubVeg_15m_train.txt,14,train
28,Cloud_Rocks_15m_train2.JPG,Cloud_Rocks_15m_train2.txt,14,train
29,Sun_Ice_60m_test.JPG,Sun_Ice_60m_test.txt,59,train
30,Sun_WaterCorn_15m_train.JPG,Sun_WaterCorn_15m_train.txt,15,train
31,Cloud_WaterVegetation_90m_test2.JPG,Cloud_WaterVegetation_90m_test2.txt,89,train
32,Sun_WaterVegetation_15m_test2.JPG,Sun_WaterVegetation_15m_test2.txt,14,train
33,Sun_WaterSubVeg_15m_train2.JPG,Sun_WaterSubVeg_15m_train2.txt,14,train
34,Cloud_Ice_60m_train2.JPG,Cloud_Ice_60m_train2.txt,59,test
35,Sun_WaterVegetation_60m_train.JPG,Sun_WaterVegetation_60m_train.txt,59,train
36,Sun_WaterVegetation_15m_train2.JPG,Sun_WaterVegetation_15m_train2.txt,15,train
37,Cloud_WaterVegetation_15m_train2.JPG,Cloud_WaterVegetation_15m_train2.txt,15,test
38,Sun_OpenWater_90m_train2.JPG,Sun_OpenWater_90m_train2.txt,90,test
39,Sun_WaterVegetation_30m_train2.JPG,Sun_WaterVegetation_30m_train2.txt,30,train
40,Sun_Land_15m_train2.JPG,Sun_Land_15m_train2.txt,14,train
41,Sun_OpenWater_30m_test2.JPG,Sun_OpenWater_30m_test2.txt,30,train
42,Sun_Ice_15m_test.JPG,Sun_Ice_15m_test.txt,15,train
43,Sun_Ice_30m_train2.JPG,Sun_Ice_30m_train2.txt,29,train
44,Cloud_WaterVegetation_60m_train2.JPG,Cloud_WaterVegetation_60m_train2.txt,59,train
45,Sun_Ice_30m_test.JPG,Sun_Ice_30m_test.txt,29,test
46,Sun_Land_30m_train.JPG,Sun_Land_30m_train.txt,29,train
47,Sun_Ice_15m_train.JPG,Sun_Ice_15m_train.txt,15,train
48,Sun_OpenWater_15m_train2.JPG,Sun_OpenWater_15m_train2.txt,14,train
49,Sun_WaterVegetation_60m_test.JPG,Sun_WaterVegetation_60m_test.txt,60,train
50,Sun_Land_60m_train2.JPG,Sun_Land_60m_train2.txt,59,train
51,Cloud_WaterSubVeg_30m_train2.JPG,Cloud_WaterSubVeg_30m_train2.txt,30,train
52,Sun_OpenWater_30m_train.JPG,Sun_OpenWater_30m_train.txt,29,train
53,Sun_OpenWater_60m_train.JPG,Sun_OpenWater_60m_train.txt,59,train
54,Sun_OpenWater_15m_test2.JPG,Sun_OpenWater_15m_test2.txt,14,train
55,Cloud_Land_15m_test.JPG,Cloud_Land_15m_test.txt,14,test
56,Cloud_WaterSubVeg_60m_test.JPG,Cloud_WaterSubVeg_60m_test.txt,59,train
57,Sun_WaterVegetation_15m_test.JPG,Sun_WaterVegetation_15m_test.txt,15,train
58,Cloud_Land_15m_train2.JPG,Cloud_Land_15m_train2.txt,15,train
59,Sun_WaterCorn_30m_train.JPG,Sun_WaterCorn_30m_train.txt,30,train
60,Sun_WaterSubVeg_60m_train.JPG,Sun_WaterSubVeg_60m_train.txt,60,train
61,Cloud_Land_15m_train.JPG,Cloud_Land_15m_train.txt,14,train
62,Cloud_WaterSubVeg_90m_train2.JPG,Cloud_WaterSubVeg_90m_train2.txt,90,train
63,Cloud_OpenWater_15m_train.JPG,Cloud_OpenWater_15m_train.txt,15,train
64,Sun_WaterCorn_60m_train2.JPG,Sun_WaterCorn_60m_train2.txt,59,train
65,Cloud_Ice_15m_train2.JPG,Cloud_Ice_15m_train2.txt,15,test
66,Cloud_WaterCorn_15m_train.JPG,Cloud_WaterCorn_15m_train.txt,15,train
67,Cloud_WaterSubVeg_90m_train.JPG,Cloud_WaterSubVeg_90m_train.txt,90,train
68,Cloud_WaterSubVeg_30m_test2.JPG,Cloud_WaterSubVeg_30m_test2.txt,30,test
69,Cloud_WaterVegetation_30m_train.JPG,Cloud_WaterVegetation_30m_train.txt,30,train
70,Sun_Land_15m_test2.JPG,Sun_Land_15m_test2.txt,14,train
71,Sun_WaterVegetation_60m_train2.JPG,Sun_WaterVegetation_60m_train2.txt,60,train
72,Sun_WaterSubVeg_30m_test.JPG,Sun_WaterSubVeg_30m_test.txt,29,train
73,Sun_OpenWater_30m_test.JPG,Sun_OpenWater_30m_test.txt,29,train
74,Cloud_Ice_90m_train.JPG,Cloud_Ice_90m_train.txt,89,train
75,Cloud_Land_60m_train2.JPG,Cloud_Land_60m_train2.txt,59,train
76,Sun_OpenWater_15m_test.JPG,Sun_OpenWater_15m_test.txt,14,train
77,Sun_WaterSubVege_60m_test.JPG,Sun_WaterSubVege_60m_test.txt,59,train
78,Sun_Land_60m_test2.JPG,Sun_Land_60m_test2.txt,59,test
79,Cloud_WaterSubVeg_30m_test.JPG,Cloud_WaterSubVeg_30m_test.txt,29,train
80,Sun_OpenWater_60m_test.JPG,Sun_OpenWater_60m_test.txt,59,train
81,Sun_Ice_15m_test2.JPG,Sun_Ice_15m_test2.txt,14,train
82,Cloud_WaterSubVeg_30m_train.JPG,Cloud_WaterSubVeg_30m_train.txt,30,train
83,Sun_WaterCorn_30m_train2.JPG,Sun_WaterCorn_30m_train2.txt,30,test
84,Cloud_WaterSubVeg_90m_test2.JPG,Cloud_WaterSubVeg_90m_test2.txt,89,train
85,Sun_Ice_30m_test2.JPG,Sun_Ice_30m_test2.txt,30,train
86,Sun_WaterSubVeg_30m_train2.JPG,Sun_WaterSubVeg_30m_train2.txt,29,train
87,Cloud_Land_30m_train2.JPG,Cloud_Land_30m_train2.txt,30,train
88,Sun_OpenWater_60m_train2.JPG,Sun_OpenWater_60m_train2.txt,59,train
89,Sun_Ice_15m_train2.JPG,Sun_Ice_15m_train2.txt,14,test
90,Cloud_WaterSubVeg_60m_test2.JPG,Cloud_WaterSubVeg_60m_test2.txt,60,test
91,Cloud_WaterVegetation_60m_test.JPG,Cloud_WaterVegetation_60m_test.txt,59,train
92,Cloud_Land_15m_test2.JPG,Cloud_Land_15m_test2.txt,14,test
93,Sun_Land_15m_test.JPG,Sun_Land_15m_test.txt,14,train
94,Sun_WaterSubVege_60m_train2.JPG,Sun_WaterSubVege_60m_train2.txt,59,train
95,Sun_OpenWater_30m_train2.JPG,Sun_OpenWater_30m_train2.txt,29,train
96,Cloud_Land_60m_train.JPG,Cloud_Land_60m_train.txt,60,train
97,Sun_WaterSubVeg_60m_test2.JPG,Sun_WaterSubVeg_60m_test2.txt,59,train
98,Cloud_Ice_60m_train.JPG,Cloud_Ice_60m_train.txt,60,train
99,Sun_WaterVegetation_30m_test2.JPG,Sun_WaterVegetation_30m_test2.txt,30,train
100,Sun_Land_30m_test2.JPG,Sun_Land_30m_test2.txt,29,test
101,Cloud_WaterVegetation_90m_test.JPG,Cloud_WaterVegetation_90m_test.txt,89,test
102,Sun_WaterCorn_60m_train.JPG,Sun_WaterCorn_60m_train.txt,59,train
103,Sun_WaterVegetation_15m_train.JPG,Sun_WaterVegetation_15m_train.txt,15,train
104,Cloud_Ice_90m_test2.JPG,Cloud_Ice_90m_test2.txt,89,test
105,Sun_OpenWater_15m_train.JPG,Sun_OpenWater_15m_train.txt,14,train
106,Cloud_WaterVegetation_15m_train.JPG,Cloud_WaterVegetation_15m_train.txt,14,test
107,Cloud_WaterVegetation_30m_train2.JPG,Cloud_WaterVegetation_30m_train2.txt,29,test
108,Cloud_WaterCorn_15m_train2.JPG,Cloud_WaterCorn_15m_train2.txt,15,test
109,Sun_WaterCorn_15m_test.JPG,Sun_WaterCorn_15m_test.txt,14,train
110,Cloud_OpenWater_15m_test2.JPG,Cloud_OpenWater_15m_test2.txt,14,train
111,Sun_WaterSubVeg_15m_test2.JPG,Sun_WaterSubVeg_15m_test2.txt,14,train
112,Cloud_Land_90m_test2.JPG,Cloud_Land_90m_test2.txt,90,train
113,Cloud_OpenWater_30m_test2.JPG,Cloud_OpenWater_30m_test2.txt,30,train
114,Cloud_OpenWater_90m_test.JPG,Cloud_OpenWater_90m_test.txt,89,test
115,Cloud_WaterSubVeg_15m_test.JPG,Cloud_WaterSubVeg_15m_test.txt,14,test
116,Sun_WaterVegetation_90m_train2.JPG,Sun_WaterVegetation_90m_train2.txt,90,test
117,Sun_OpenWater_90m_test.JPG,Sun_OpenWater_90m_test.txt,89,train
118,Sun_Land_60m_test.JPG,Sun_Land_60m_test.txt,59,train
119,Cloud_OpenWater_60m_test2.JPG,Cloud_OpenWater_60m_test2.txt,60,train
120,Sun_Ice_60m_test2.JPG,Sun_Ice_60m_test2.txt,59,train
121,Sun_WaterVegetation_60m_test2.JPG,Sun_WaterVegetation_60m_test2.txt,60,train
122,Cloud_Rocks_15m_train.JPG,Cloud_Rocks_15m_train.txt,15,train
123,Cloud_WaterCorn_90m_train.JPG,Cloud_WaterCorn_90m_train.txt,89,train
124,Cloud_Ice_15m_train.JPG,Cloud_Ice_15m_train.txt,14,train
,EagleBluffs_03082022_Trees_Spot1_30meters_DJI_0070.jpg,EagleBluffs_03082022_Trees_Spot1_30meters_DJI_0070.txt,30,train
,EagleBluffs_03082022_Trees_Spot1_30meters_DJI_0078.jpg,EagleBluffs_03082022_Trees_Spot1_30meters_DJI_0078.txt,30,train
,EagleBluffs_03082022_Trees_Spot1_60meters_DJI_0067.jpg,EagleBluffs_03082022_Trees_Spot1_60meters_DJI_0067.txt,60,train
,EagleBluffs_03082022_Trees_Spot1_60meters_DJI_0081.jpg,EagleBluffs_03082022_Trees_Spot1_60meters_DJI_0081.txt,60,train
,EagleBluffs_03082022_Trees_Spot1_60meters_DJI_0083.jpg,EagleBluffs_03082022_Trees_Spot1_60meters_DJI_0083.txt,60,test
,EagleBluffs_03082022_Trees_Spot1_90meters_DJI_0063.jpg,EagleBluffs_03082022_Trees_Spot1_90meters_DJI_0063.txt,90,train
,EagleBluffs_03082022_Trees_Spot1_90meters_DJI_0064.jpg,EagleBluffs_03082022_Trees_Spot1_90meters_DJI_0064.txt,90,test
,EagleBluffs_03082022_Trees_Spot1_90meters_DJI_0084.jpg,EagleBluffs_03082022_Trees_Spot1_90meters_DJI_0084.txt,90,train
,EagleBluffs_03082022_Trees_Spot2_30meters_DJI_0113.jpg,EagleBluffs_03082022_Trees_Spot2_30meters_DJI_0113.txt,30,train
,EagleBluffs_03082022_Trees_Spot2_30meters_DJI_0116.jpg,EagleBluffs_03082022_Trees_Spot2_30meters_DJI_0116.txt,30,train
,EagleBluffs_03082022_Trees_Spot2_30meters_DJI_0122.jpg,EagleBluffs_03082022_Trees_Spot2_30meters_DJI_0122.txt,30,train
,EagleBluffs_03082022_Trees_Spot2_60meters_DJI_0094.jpg,EagleBluffs_03082022_Trees_Spot2_60meters_DJI_0094.txt,60,train
,EagleBluffs_03082022_Trees_Spot2_60meters_DJI_0096.jpg,EagleBluffs_03082022_Trees_Spot2_60meters_DJI_0096.txt,60,test
,EagleBluffs_03082022_Trees_Spot2_60meters_DJI_0111.jpg,EagleBluffs_03082022_Trees_Spot2_60meters_DJI_0111.txt,60,train
,EagleBluffs_03082022_Trees_Spot2_90meters_DJI_0089.jpg,EagleBluffs_03082022_Trees_Spot2_90meters_DJI_0089.txt,90,train
,EagleBluffs_03082022_Trees_Spot2_90meters_DJI_0090.jpg,EagleBluffs_03082022_Trees_Spot2_90meters_DJI_0090.txt,90,train
,EagleBluffs_03082022_Trees_Spot2_90meters_DJI_0091.jpg,EagleBluffs_03082022_Trees_Spot2_90meters_DJI_0091.txt,90,train
,EagleBluffs_03082022_Trees_Spot3_30meters_DJI_0135.jpg,EagleBluffs_03082022_Trees_Spot3_30meters_DJI_0135.txt,30,train
,EagleBluffs_03082022_Trees_Spot3_30meters_DJI_0137.jpg,EagleBluffs_03082022_Trees_Spot3_30meters_DJI_0137.txt,30,train
,EagleBluffs_03082022_Trees_Spot3_30meters_DJI_0139.jpg,EagleBluffs_03082022_Trees_Spot3_30meters_DJI_0139.txt,30,train
,EagleBluffs_03082022_Trees_Spot3_30meters_DJI_0140.jpg,EagleBluffs_03082022_Trees_Spot3_30meters_DJI_0140.txt,30,train
,EagleBluffs_03082022_Trees_Spot3_30meters_DJI_0141.jpg,EagleBluffs_03082022_Trees_Spot3_30meters_DJI_0141.txt,30,test
,EagleBluffs_03082022_Trees_Spot3_60meters_DJI_0128.jpg,EagleBluffs_03082022_Trees_Spot3_60meters_DJI_0128.txt,60,train
,EagleBluffs_03082022_Trees_Spot3_60meters_DJI_0129.jpg,EagleBluffs_03082022_Trees_Spot3_60meters_DJI_0129.txt,60,train
,EagleBluffs_03082022_Trees_Spot3_60meters_DJI_0130.jpg,EagleBluffs_03082022_Trees_Spot3_60meters_DJI_0130.txt,60,test
,EagleBluffs_03082022_Trees_Spot3_90meters_DJI_0126.jpg,EagleBluffs_03082022_Trees_Spot3_90meters_DJI_0126.txt,90,test
,EagleBluffs_03082022_Trees_Spot3_90meters_DJI_0144.jpg,EagleBluffs_03082022_Trees_Spot3_90meters_DJI_0144.txt,90,train
,EagleBluffs_03082022_Trees_Spot3_90meters_DJI_0145.jpg,EagleBluffs_03082022_Trees_Spot3_90meters_DJI_0145.txt,90,test
,TedShanks_03032022_ShrubScrub_Spot1_15meters_DJI_0923.jpg,TedShanks_03032022_ShrubScrub_Spot1_15meters_DJI_0923.txt,15,train
,TedShanks_03032022_ShrubScrub_Spot1_15meters_DJI_0926.jpg,TedShanks_03032022_ShrubScrub_Spot1_15meters_DJI_0926.txt,15,test
,TedShanks_03032022_ShrubScrub_Spot1_15meters_DJI_0928.jpg,TedShanks_03032022_ShrubScrub_Spot1_15meters_DJI_0928.txt,15,train
,TedShanks_03032022_ShrubScrub_Spot1_30meters_DJI_0919.jpg,TedShanks_03032022_ShrubScrub_Spot1_30meters_DJI_0919.txt,30,train
,TedShanks_03032022_ShrubScrub_Spot1_90meters_DJI_0906.jpg,TedShanks_03032022_ShrubScrub_Spot1_90meters_DJI_0906.txt,90,train
,TedShanks_03032022_ShrubScrub_Spot2_15meters_DJI_0953.jpg,TedShanks_03032022_ShrubScrub_Spot2_15meters_DJI_0953.txt,15,train
,TedShanks_03032022_ShrubScrub_Spot2_15meters_DJI_0954.jpg,TedShanks_03032022_ShrubScrub_Spot2_15meters_DJI_0954.txt,15,train
,TedShanks_03032022_ShrubScrub_Spot2_15meters_DJI_0957.jpg,TedShanks_03032022_ShrubScrub_Spot2_15meters_DJI_0957.txt,15,train
,TedShanks_03032022_ShrubScrub_Spot2_15meters_DJI_0959.jpg,TedShanks_03032022_ShrubScrub_Spot2_15meters_DJI_0959.txt,15,test
,TedShanks_03032022_ShrubScrub_Spot2_15meters_DJI_0960.jpg,TedShanks_03032022_ShrubScrub_Spot2_15meters_DJI_0960.txt,15,train
,TedShanks_03032022_ShrubScrub_Spot2_30meters_DJI_0948.jpg,TedShanks_03032022_ShrubScrub_Spot2_30meters_DJI_0948.txt,30,train
,TedShanks_03032022_ShrubScrub_Spot2_30meters_DJI_0950.jpg,TedShanks_03032022_ShrubScrub_Spot2_30meters_DJI_0950.txt,30,train
,TedShanks_03032022_ShrubScrub_Spot2_60meters_DJI_0943.jpg,TedShanks_03032022_ShrubScrub_Spot2_60meters_DJI_0943.txt,60,train
,TedShanks_03032022_ShrubScrub_Spot2_90meters_DJI_0936.jpg,TedShanks_03032022_ShrubScrub_Spot2_90meters_DJI_0936.txt,90,train
,TedShanks_03032022_ShrubScrub_Spot3_15meters_DJI_0984.jpg,TedShanks_03032022_ShrubScrub_Spot3_15meters_DJI_0984.txt,15,train
,TedShanks_03032022_ShrubScrub_Spot3_15meters_DJI_0986.jpg,TedShanks_03032022_ShrubScrub_Spot3_15meters_DJI_0986.txt,15,train
,TedShanks_03032022_ShrubScrub_Spot3_15meters_DJI_0988.jpg,TedShanks_03032022_ShrubScrub_Spot3_15meters_DJI_0988.txt,15,train
,TedShanks_03032022_ShrubScrub_Spot3_30meters_DJI_0978.jpg,TedShanks_03032022_ShrubScrub_Spot3_30meters_DJI_0978.txt,30,train
,TedShanks_03032022_ShrubScrub_Spot3_30meters_DJI_0979.jpg,TedShanks_03032022_ShrubScrub_Spot3_30meters_DJI_0979.txt,30,train
,TedShanks_03032022_ShrubScrub_Spot3_60meters_DJI_0976.jpg,TedShanks_03032022_ShrubScrub_Spot3_60meters_DJI_0976.txt,60,train
,TedShanks_03032022_ShrubScrub_Spot3_90meters_DJI_0972.jpg,TedShanks_03032022_ShrubScrub_Spot3_90meters_DJI_0972.txt,90,train
,TedShanks_03032022_StandingCorn_Spot1_15meters_DJI_0804.jpg,TedShanks_03032022_StandingCorn_Spot1_15meters_DJI_0804.txt,15,train
,TedShanks_03032022_StandingCorn_Spot1_15meters_DJI_0805.jpg,TedShanks_03032022_StandingCorn_Spot1_15meters_DJI_0805.txt,15,train
,TedShanks_03032022_StandingCorn_Spot1_15meters_DJI_0809.jpg,TedShanks_03032022_StandingCorn_Spot1_15meters_DJI_0809.txt,15,train
,TedShanks_03032022_StandingCorn_Spot1_15meters_DJI_0810.jpg,TedShanks_03032022_StandingCorn_Spot1_15meters_DJI_0810.txt,15,train
,TedShanks_03032022_StandingCorn_Spot1_15meters_DJI_0811.jpg,TedShanks_03032022_StandingCorn_Spot1_15meters_DJI_0811.txt,15,train
,TedShanks_03032022_StandingCorn_Spot1_30meters_DJI_0800.jpg,TedShanks_03032022_StandingCorn_Spot1_30meters_DJI_0800.txt,30,train
,TedShanks_03032022_StandingCorn_Spot1_60meters_DJI_0796.jpg,TedShanks_03032022_StandingCorn_Spot1_60meters_DJI_0796.txt,60,train
,TedShanks_03032022_StandingCorn_Spot1_90meters_DJI_0794.jpg,TedShanks_03032022_StandingCorn_Spot1_90meters_DJI_0794.txt,90,train
,TedShanks_03032022_StandingCorn_Spot2_15meters_DJI_0841.jpg,TedShanks_03032022_StandingCorn_Spot2_15meters_DJI_0841.txt,15,train
,TedShanks_03032022_StandingCorn_Spot2_15meters_DJI_0842.jpg,TedShanks_03032022_StandingCorn_Spot2_15meters_DJI_0842.txt,15,train
,TedShanks_03032022_StandingCorn_Spot2_30meters_DJI_0834.jpg,TedShanks_03032022_StandingCorn_Spot2_30meters_DJI_0834.txt,30,train
,TedShanks_03032022_StandingCorn_Spot2_60meters_DJI_0828.jpg,TedShanks_03032022_StandingCorn_Spot2_60meters_DJI_0828.txt,60,train
,TedShanks_03032022_StandingCorn_Spot2_90meters_DJI_0823.jpg,TedShanks_03032022_StandingCorn_Spot2_90meters_DJI_0823.txt,90,test
,TedShanks_03032022_StandingCorn_Spot3_15meters_DJI_0876.jpg,TedShanks_03032022_StandingCorn_Spot3_15meters_DJI_0876.txt,15,train
,TedShanks_03032022_StandingCorn_Spot3_15meters_DJI_0877.jpg,TedShanks_03032022_StandingCorn_Spot3_15meters_DJI_0877.txt,15,train
,TedShanks_03032022_StandingCorn_Spot3_15meters_DJI_0879.jpg,TedShanks_03032022_StandingCorn_Spot3_15meters_DJI_0879.txt,15,train
,TedShanks_03032022_StandingCorn_Spot3_15meters_DJI_0880.jpg,TedShanks_03032022_StandingCorn_Spot3_15meters_DJI_0880.txt,15,train
,TedShanks_03032022_StandingCorn_Spot3_15meters_DJI_0883.jpg,TedShanks_03032022_StandingCorn_Spot3_15meters_DJI_0883.txt,15,test
,TedShanks_03032022_StandingCorn_Spot3_15meters_DJI_0887.jpg,TedShanks_03032022_StandingCorn_Spot3_15meters_DJI_0887.txt,15,train
,TedShanks_03032022_StandingCorn_Spot3_30meters_DJI_0870.jpg,TedShanks_03032022_StandingCorn_Spot3_30meters_DJI_0870.txt,30,train
,TedShanks_03032022_StandingCorn_Spot3_60meters_DJI_0857.jpg,TedShanks_03032022_StandingCorn_Spot3_60meters_DJI_0857.txt,60,train
,TedShanks_03032022_StandingCorn_Spot3_90meters_DJI_0852.jpg,TedShanks_03032022_StandingCorn_Spot3_90meters_DJI_0852.txt,90,train
,EagleBluffs_10252021_MoistSoil_Spot1_15m_DJI_0806.jpg,EagleBluffs_10252021_MoistSoil_Spot1_15m_DJI_0806.txt,15,train
,EagleBluffs_10252021_MoistSoil_Spot1_15m_DJI_0808.jpg,EagleBluffs_10252021_MoistSoil_Spot1_15m_DJI_0808.txt,15,train
,EagleBluffs_10252021_MoistSoil_Spot1_15m_DJI_0810.jpg,EagleBluffs_10252021_MoistSoil_Spot1_15m_DJI_0810.txt,15,train
,EagleBluffs_10252021_MoistSoil_Spot1_15m_DJI_0812.jpg,EagleBluffs_10252021_MoistSoil_Spot1_15m_DJI_0812.txt,15,train
,EagleBluffs_10252021_MoistSoil_Spot1_15m_DJI_0814.jpg,EagleBluffs_10252021_MoistSoil_Spot1_15m_DJI_0814.txt,15,test
,EagleBluffs_10252021_MoistSoil_Spot1_30m_DJI_0872.jpg,EagleBluffs_10252021_MoistSoil_Spot1_30m_DJI_0872.txt,30,test
,EagleBluffs_10252021_MoistSoil_Spot1_60m_DJI_0874.jpg,EagleBluffs_10252021_MoistSoil_Spot1_60m_DJI_0874.txt,60,test
,EagleBluffs_10252021_MoistSoil_Spot1_90m_DJI_0876.jpg,EagleBluffs_10252021_MoistSoil_Spot1_90m_DJI_0876.txt,90,train
,EagleBluffs_10252021_MoistSoil_Spot3_15m_DJI_0042.jpg,EagleBluffs_10252021_MoistSoil_Spot3_15m_DJI_0042.txt,15,test
,EagleBluffs_10252021_MoistSoil_Spot3_15m_DJI_0044.jpg,EagleBluffs_10252021_MoistSoil_Spot3_15m_DJI_0044.txt,15,test
,EagleBluffs_10252021_MoistSoil_Spot3_15m_DJI_0046.jpg,EagleBluffs_10252021_MoistSoil_Spot3_15m_DJI_0046.txt,15,train
,EagleBluffs_10252021_MoistSoil_Spot3_15m_DJI_0048.jpg,EagleBluffs_10252021_MoistSoil_Spot3_15m_DJI_0048.txt,15,train
,EagleBluffs_10252021_MoistSoil_Spot3_15m_DJI_0050.jpg,EagleBluffs_10252021_MoistSoil_Spot3_15m_DJI_0050.txt,15,test
,EagleBluffs_10252021_MoistSoil_Spot3_60m_DJI_0126.jpg,EagleBluffs_10252021_MoistSoil_Spot3_60m_DJI_0126.txt,60,train
,EagleBluffs_10252021_MoistSoil_Spot3_90m_DJI_0129.jpg,EagleBluffs_10252021_MoistSoil_Spot3_90m_DJI_0129.txt,90,train
,EagleBluffs_10252021_MoistSoil_Spot5_15m_DJI_0232.jpg,EagleBluffs_10252021_MoistSoil_Spot5_15m_DJI_0232.txt,15,train
,EagleBluffs_10252021_MoistSoil_Spot5_15m_DJI_0234.jpg,EagleBluffs_10252021_MoistSoil_Spot5_15m_DJI_0234.txt,15,train
,EagleBluffs_10252021_MoistSoil_Spot5_15m_DJI_0236.jpg,EagleBluffs_10252021_MoistSoil_Spot5_15m_DJI_0236.txt,15,train
,EagleBluffs_10252021_MoistSoil_Spot5_15m_DJI_0238.jpg,EagleBluffs_10252021_MoistSoil_Spot5_15m_DJI_0238.txt,15,train
,EagleBluffs_10252021_MoistSoil_Spot5_15m_DJI_0240.jpg,EagleBluffs_10252021_MoistSoil_Spot5_15m_DJI_0240.txt,15,test
,EagleBluffs_10252021_MoistSoil_Spot5_30m_DJI_0323.jpg,EagleBluffs_10252021_MoistSoil_Spot5_30m_DJI_0323.txt,30,train
,EagleBluffs_10252021_MoistSoil_Spot5_60m_DJI_0328.jpg,EagleBluffs_10252021_MoistSoil_Spot5_60m_DJI_0328.txt,60,train
,EagleBluffs_10252021_MoistSoil_Spot5_90m_DJI_0331.jpg,EagleBluffs_10252021_MoistSoil_Spot5_90m_DJI_0331.txt,90,train
,EagleBluffs_10252021_MoistSoil_Spot6_15m_DJI_0354.jpg,EagleBluffs_10252021_MoistSoil_Spot6_15m_DJI_0354.txt,15,train
,EagleBluffs_10252021_MoistSoil_Spot6_15m_DJI_0356.jpg,EagleBluffs_10252021_MoistSoil_Spot6_15m_DJI_0356.txt,15,train
,EagleBluffs_10252021_MoistSoil_Spot6_15m_DJI_0358.jpg,EagleBluffs_10252021_MoistSoil_Spot6_15m_DJI_0358.txt,15,train
,EagleBluffs_10252021_MoistSoil_Spot6_15m_DJI_0360.jpg,EagleBluffs_10252021_MoistSoil_Spot6_15m_DJI_0360.txt,15,train
,EagleBluffs_10252021_MoistSoil_Spot6_30m_DJI_0431.jpg,EagleBluffs_10252021_MoistSoil_Spot6_30m_DJI_0431.txt,30,train
,EagleBluffs_10252021_MoistSoil_Spot6_60m_DJI_0436.jpg,EagleBluffs_10252021_MoistSoil_Spot6_60m_DJI_0436.txt,60,test
,EagleBluffs_10252021_MoistSoil_Spot6_90m_DJI_0439.jpg,EagleBluffs_10252021_MoistSoil_Spot6_90m_DJI_0439.txt,90,train
,EagleBluffs_10252021_OpenWater_Spot2_15meters_DJI_0006.jpg,EagleBluffs_10252021_OpenWater_Spot2_15meters_DJI_0006.txt,15,test
,EagleBluffs_10252021_OpenWater_Spot2_15meters_DJI_0007.jpg,EagleBluffs_10252021_OpenWater_Spot2_15meters_DJI_0007.txt,15,test
,EagleBluffs_10252021_OpenWater_Spot2_15meters_DJI_0008.jpg,EagleBluffs_10252021_OpenWater_Spot2_15meters_DJI_0008.txt,15,test
,EagleBluffs_10252021_OpenWater_Spot2_30meters_DJI_0020.jpg,EagleBluffs_10252021_OpenWater_Spot2_30meters_DJI_0020.txt,30,train
,EagleBluffs_10252021_OpenWater_Spot2_60meters_DJI_0022.jpg,EagleBluffs_10252021_OpenWater_Spot2_60meters_DJI_0022.txt,60,train
,EagleBluffs_10252021_OpenWater_Spot2_90meters_DJI_0024.jpg,EagleBluffs_10252021_OpenWater_Spot2_90meters_DJI_0024.txt,90,train
,EagleBluffs_10252021_OpenWater_Spot4_15meters_DJI_0136.jpg,EagleBluffs_10252021_OpenWater_Spot4_15meters_DJI_0136.txt,15,train
,EagleBluffs_10252021_OpenWater_Spot4_15meters_DJI_0138.jpg,EagleBluffs_10252021_OpenWater_Spot4_15meters_DJI_0138.txt,15,train
,EagleBluffs_10252021_OpenWater_Spot4_15meters_DJI_0140.jpg,EagleBluffs_10252021_OpenWater_Spot4_15meters_DJI_0140.txt,15,train
,EagleBluffs_10252021_OpenWater_Spot4_30meters_DJI_0195.jpg,EagleBluffs_10252021_OpenWater_Spot4_30meters_DJI_0195.txt,30,train
,EagleBluffs_10252021_OpenWater_Spot4_60meters_DJI_0199.jpg,EagleBluffs_10252021_OpenWater_Spot4_60meters_DJI_0199.txt,60,train
,EagleBluffs_10252021_OpenWater_Spot4_90meters_DJI_0202.jpg,EagleBluffs_10252021_OpenWater_Spot4_90meters_DJI_0202.txt,90,train
,EagleBluffs_10252021_OpenWater_Spot7_15meters_DJI_0210.jpg,EagleBluffs_10252021_OpenWater_Spot7_15meters_DJI_0210.txt,15,train
,EagleBluffs_10252021_OpenWater_Spot7_15meters_DJI_0211.jpg,EagleBluffs_10252021_OpenWater_Spot7_15meters_DJI_0211.txt,15,train
,EagleBluffs_10252021_OpenWater_Spot7_15meters_DJI_0212.jpg,EagleBluffs_10252021_OpenWater_Spot7_15meters_DJI_0212.txt,15,train
,EagleBluffs_10252021_OpenWater_Spot7_15meters_DJI_0213.jpg,EagleBluffs_10252021_OpenWater_Spot7_15meters_DJI_0213.txt,15,train
,EagleBluffs_10252021_OpenWater_Spot7_30meters_DJI_0207.jpg,EagleBluffs_10252021_OpenWater_Spot7_30meters_DJI_0207.txt,30,train
,EagleBluffs_10252021_OpenWater_Spot7_90meters_DJI_0205.jpg,EagleBluffs_10252021_OpenWater_Spot7_90meters_DJI_0205.txt,90,test
,TenMilePond_11302021_MoistSoil_Spot1_15meters_DJI_0791.jpg,TenMilePond_11302021_MoistSoil_Spot1_15meters_DJI_0791.txt,15,train
,TenMilePond_11302021_MoistSoil_Spot1_15meters_DJI_0792.jpg,TenMilePond_11302021_MoistSoil_Spot1_15meters_DJI_0792.txt,15,train
,TenMilePond_11302021_MoistSoil_Spot1_15meters_DJI_0795.jpg,TenMilePond_11302021_MoistSoil_Spot1_15meters_DJI_0795.txt,15,train
,TenMilePond_11302021_MoistSoil_Spot1_15meters_DJI_0796.jpg,TenMilePond_11302021_MoistSoil_Spot1_15meters_DJI_0796.txt,15,train
,TenMilePond_11302021_MoistSoil_Spot1_30meters_DJI_0811.jpg,TenMilePond_11302021_MoistSoil_Spot1_30meters_DJI_0811.txt,30,train
,TenMilePond_11302021_MoistSoil_Spot1_60meters_DJI_0816.jpg,TenMilePond_11302021_MoistSoil_Spot1_60meters_DJI_0816.txt,60,train
,TenMilePond_11302021_MoistSoil_Spot1_90meters_DJI_0818.jpg,TenMilePond_11302021_MoistSoil_Spot1_90meters_DJI_0818.txt,90,train
,TenMilePond_11302021_MoistSoil_Spot2_15meters_DJI_0716.jpg,TenMilePond_11302021_MoistSoil_Spot2_15meters_DJI_0716.txt,15,test
,TenMilePond_11302021_MoistSoil_Spot2_15meters_DJI_0717.jpg,TenMilePond_11302021_MoistSoil_Spot2_15meters_DJI_0717.txt,15,test
,TenMilePond_11302021_MoistSoil_Spot2_15meters_DJI_0722.jpg,TenMilePond_11302021_MoistSoil_Spot2_15meters_DJI_0722.txt,15,train
,TenMilePond_11302021_MoistSoil_Spot2_15meters_DJI_0723.jpg,TenMilePond_11302021_MoistSoil_Spot2_15meters_DJI_0723.txt,15,train
,TenMilePond_11302021_MoistSoil_Spot2_15meters_DJI_0724.jpg,TenMilePond_11302021_MoistSoil_Spot2_15meters_DJI_0724.txt,15,train
,TenMilePond_11302021_MoistSoil_Spot2_15meters_DJI_0725.jpg,TenMilePond_11302021_MoistSoil_Spot2_15meters_DJI_0725.txt,15,train
,TenMilePond_11302021_MoistSoil_Spot2_30meters_DJI_0734.jpg,TenMilePond_11302021_MoistSoil_Spot2_30meters_DJI_0734.txt,30,train
,TenMilePond_11302021_MoistSoil_Spot2_60meters_DJI_0737.jpg,TenMilePond_11302021_MoistSoil_Spot2_60meters_DJI_0737.txt,60,train
,TenMilePond_11302021_MoistSoil_Spot2_90meters_DJI_0739.jpg,TenMilePond_11302021_MoistSoil_Spot2_90meters_DJI_0739.txt,90,train
,TenMilePond_11302021_OpenWater_Spot1_15meters_DJI_0754.jpg,TenMilePond_11302021_OpenWater_Spot1_15meters_DJI_0754.txt,15,train
,TenMilePond_11302021_OpenWater_Spot1_15meters_DJI_0755.jpg,TenMilePond_11302021_OpenWater_Spot1_15meters_DJI_0755.txt,15,train
,TenMilePond_11302021_OpenWater_Spot1_15meters_DJI_0756.jpg,TenMilePond_11302021_OpenWater_Spot1_15meters_DJI_0756.txt,15,train
,TenMilePond_11302021_OpenWater_Spot1_15meters_DJI_0757.jpg,TenMilePond_11302021_OpenWater_Spot1_15meters_DJI_0757.txt,15,train
,TenMilePond_11302021_OpenWater_Spot1_15meters_DJI_0758.jpg,TenMilePond_11302021_OpenWater_Spot1_15meters_DJI_0758.txt,15,train
,TenMilePond_11302021_OpenWater_Spot1_15meters_DJI_0759.jpg,TenMilePond_11302021_OpenWater_Spot1_15meters_DJI_0759.txt,15,test
,TenMilePond_11302021_OpenWater_Spot1_30meters_DJI_0762.jpg,TenMilePond_11302021_OpenWater_Spot1_30meters_DJI_0762.txt,30,train
,TenMilePond_11302021_OpenWater_Spot1_60meters_DJI_0764.jpg,TenMilePond_11302021_OpenWater_Spot1_60meters_DJI_0764.txt,60,train
,TenMilePond_11302021_OpenWater_Spot1_90meters_DJI_0767.jpg,TenMilePond_11302021_OpenWater_Spot1_90meters_DJI_0767.txt,90,test
,TenMilePond_11302021_OpenWater_Spot2_15meters_DJI_0742.jpg,TenMilePond_11302021_OpenWater_Spot2_15meters_DJI_0742.txt,15,test
,TenMilePond_11302021_OpenWater_Spot2_15meters_DJI_0743.jpg,TenMilePond_11302021_OpenWater_Spot2_15meters_DJI_0743.txt,15,test
,TenMilePond_11302021_OpenWater_Spot2_15meters_DJI_0744.jpg,TenMilePond_11302021_OpenWater_Spot2_15meters_DJI_0744.txt,15,train
,TenMilePond_11302021_OpenWater_Spot2_15meters_DJI_0745.jpg,TenMilePond_11302021_OpenWater_Spot2_15meters_DJI_0745.txt,15,train
,TenMilePond_11302021_OpenWater_Spot2_30meters_DJI_0748.jpg,TenMilePond_11302021_OpenWater_Spot2_30meters_DJI_0748.txt,30,test
,TenMilePond_11302021_OpenWater_Spot2_60meters_DJI_0749.jpg,TenMilePond_11302021_OpenWater_Spot2_60meters_DJI_0749.txt,60,train
,TenMilePond_11302021_OpenWater_Spot2_90meters_DJI_0751.jpg,TenMilePond_11302021_OpenWater_Spot2_90meters_DJI_0751.txt,90,train
,TenMilePond_11302021_StandingCorn_15meters_DJI_0771.jpg,TenMilePond_11302021_StandingCorn_15meters_DJI_0771.txt,15,train
,TenMilePond_11302021_StandingCorn_15meters_DJI_0772.jpg,TenMilePond_11302021_StandingCorn_15meters_DJI_0772.txt,15,train
,TenMilePond_11302021_StandingCorn_15meters_DJI_0773.jpg,TenMilePond_11302021_StandingCorn_15meters_DJI_0773.txt,15,test
,TenMilePond_11302021_StandingCorn_15meters_DJI_0774.jpg,TenMilePond_11302021_StandingCorn_15meters_DJI_0774.txt,15,train
,TenMilePond_11302021_StandingCorn_15meters_DJI_0775.jpg,TenMilePond_11302021_StandingCorn_15meters_DJI_0775.txt,15,train
,TenMilePond_11302021_StandingCorn_15meters_DJI_0776.jpg,TenMilePond_11302021_StandingCorn_15meters_DJI_0776.txt,15,train
,TenMilePond_11302021_StandingCorn_30meters_DJI_0778.jpg,TenMilePond_11302021_StandingCorn_30meters_DJI_0778.txt,30,train
,TenMilePond_11302021_StandingCorn_30meters_DJI_0780.jpg,TenMilePond_11302021_StandingCorn_30meters_DJI_0780.txt,30,train
,TenMilePond_11302021_StandingCorn_60meters_DJI_0782.jpg,TenMilePond_11302021_StandingCorn_60meters_DJI_0782.txt,60,test
,TenMilePond_11302021_StandingCorn_90meters_DJI_0784.jpg,TenMilePond_11302021_StandingCorn_90meters_DJI_0784.txt,90,test
,TenMilePond_11302021_Wooded_30meters_DJI_0820.jpg,TenMilePond_11302021_Wooded_30meters_DJI_0820.txt,30,train
,TenMilePond_11302021_Wooded_30meters_DJI_0822.jpg,TenMilePond_11302021_Wooded_30meters_DJI_0822.txt,30,train
,TenMilePond_11302021_Wooded_30meters_DJI_0823.jpg,TenMilePond_11302021_Wooded_30meters_DJI_0823.txt,30,test
,TenMilePond_11302021_Wooded_30meters_DJI_0835.jpg,TenMilePond_11302021_Wooded_30meters_DJI_0835.txt,30,train
,TenMilePond_11302021_Wooded_30meters_DJI_0837.jpg,TenMilePond_11302021_Wooded_30meters_DJI_0837.txt,30,train
,TenMilePond_11302021_Wooded_60meters_DJI_0838.jpg,TenMilePond_11302021_Wooded_60meters_DJI_0838.txt,60,test
,TenMilePond_11302021_Wooded_60meters_DJI_0848.jpg,TenMilePond_11302021_Wooded_60meters_DJI_0848.txt,60,test
,TenMilePond_11302021_Wooded_90meters_DJI_0849.jpg,TenMilePond_11302021_Wooded_90meters_DJI_0849.txt,90,train
,TenMilePond_11302021_Wooded_90meters_DJI_0853.jpg,TenMilePond_11302021_Wooded_90meters_DJI_0853.txt,90,train
,TenMilePond_11302021_Wooded_90meters_DJI_0854.jpg,TenMilePond_11302021_Wooded_90meters_DJI_0854.txt,90,train
,I_DJI_0008.jpg,I_DJI_0008.txt,15,train
,I_DJI_0012.jpg,I_DJI_0012.txt,15,train
,I_DJI_0013.jpg,I_DJI_0013.txt,15,train
,I_DJI_0014.jpg,I_DJI_0014.txt,15,test
,I_DJI_0015.jpg,I_DJI_0015.txt,15,train
,I_DJI_0016.jpg,I_DJI_0016.txt,15,train
,I_DJI_0018.jpg,I_DJI_0018.txt,15,train
,I_DJI_0019.jpg,I_DJI_0019.txt,15,train
,I_DJI_0020.jpg,I_DJI_0020.txt,15,train
,I_DJI_0022.jpg,I_DJI_0022.txt,15,test
,I_DJI_0023.jpg,I_DJI_0023.txt,15,train
,I_DJI_0024.jpg,I_DJI_0024.txt,15,train
,I_DJI_0025.jpg,I_DJI_0025.txt,15,train
,I_DJI_0026.jpg,I_DJI_0026.txt,15,train
,I_DJI_0027.jpg,I_DJI_0027.txt,15,train
,I_DJI_0028.jpg,I_DJI_0028.txt,15,train
,I_DJI_0029.jpg,I_DJI_0029.txt,15,train
,I_DJI_0030.jpg,I_DJI_0030.txt,15,train
,I_DJI_0031.jpg,I_DJI_0031.txt,15,train
,I_DJI_0032.jpg,I_DJI_0032.txt,15,train
,I_DJI_0034.jpg,I_DJI_0034.txt,15,train
,I_DJI_0035.jpg,I_DJI_0035.txt,15,train
,I_DJI_0038.jpg,I_DJI_0038.txt,15,train
,I_DJI_0039.jpg,I_DJI_0039.txt,15,train
,I_DJI_0040.jpg,I_DJI_0040.txt,15,train
,I_DJI_0041.jpg,I_DJI_0041.txt,15,train
,I_DJI_0042.jpg,I_DJI_0042.txt,15,test
,I_DJI_0043.jpg,I_DJI_0043.txt,15,train
,I_DJI_0044.jpg,I_DJI_0044.txt,15,train
,I_DJI_0045.jpg,I_DJI_0045.txt,15,train
,I_DJI_0048.jpg,I_DJI_0048.txt,15,train
,I_DJI_0049.jpg,I_DJI_0049.txt,15,train
,I_DJI_0050.jpg,I_DJI_0050.txt,15,train
,I_DJI_0051.jpg,I_DJI_0051.txt,15,train
,I_DJI_0053.jpg,I_DJI_0053.txt,15,train
,I_DJI_0054.jpg,I_DJI_0054.txt,15,train
,I_DJI_0055.jpg,I_DJI_0055.txt,15,train
,I_DJI_0057.jpg,I_DJI_0057.txt,15,train
,I_DJI_0060.jpg,I_DJI_0060.txt,15,train
,I_DJI_0086.jpg,I_DJI_0086.txt,15,train
,I_DJI_0087.jpg,I_DJI_0087.txt,15,train
,I_DJI_0099.jpg,I_DJI_0099.txt,15,train
,I_DJI_0100.jpg,I_DJI_0100.txt,15,train
,I_DJI_0101.jpg,I_DJI_0101.txt,15,train
,I_DJI_0107.jpg,I_DJI_0107.txt,15,train
,I_DJI_0121.jpg,I_DJI_0121.txt,15,test
,I_DJI_0128.jpg,I_DJI_0128.txt,15,train
,I_DJI_0135.jpg,I_DJI_0135.txt,15,train
,I_DJI_0158.jpg,I_DJI_0158.txt,15,train
,I_DJI_0172.jpg,I_DJI_0172.txt,15,train
,I_DJI_0181.jpg,I_DJI_0181.txt,15,train
,I_DJI_0184.jpg,I_DJI_0184.txt,15,train
,I_DJI_0187.jpg,I_DJI_0187.txt,15,train
,I_DJI_0190.jpg,I_DJI_0190.txt,15,train
,I_DJI_0214.jpg,I_DJI_0214.txt,15,train
,I_DJI_0223.jpg,I_DJI_0223.txt,15,train
,I_DJI_0227.jpg,I_DJI_0227.txt,15,train
,I_DJI_0239.jpg,I_DJI_0239.txt,15,train
,I_DJI_0245.jpg,I_DJI_0245.txt,15,train
,I_DJI_0256.jpg,I_DJI_0256.txt,15,train
,I_DJI_0258.jpg,I_DJI_0258.txt,15,test
,I_DJI_0261.jpg,I_DJI_0261.txt,15,test
,I_DJI_0286.jpg,I_DJI_0286.txt,15,train
,I_DJI_0297.jpg,I_DJI_0297.txt,15,test
,I_DJI_0299.jpg,I_DJI_0299.txt,15,test
,I_DJI_0300.jpg,I_DJI_0300.txt,15,test
,I_DJI_0309.jpg,I_DJI_0309.txt,15,train
,I_DJI_0316.jpg,I_DJI_0316.txt,15,train
,I_DJI_0324.jpg,I_DJI_0324.txt,15,test
,I_DJI_0325.jpg,I_DJI_0325.txt,15,train
,I_DJI_0413.jpg,I_DJI_0413.txt,15,train
,I_DJI_0424.jpg,I_DJI_0424.txt,15,train
,I_DJI_0427.jpg,I_DJI_0427.txt,15,train
,I_DJI_0428.jpg,I_DJI_0428.txt,15,test
,I_DJI_0429.jpg,I_DJI_0429.txt,15,test
,I_DJI_0430.jpg,I_DJI_0430.txt,15,test
,I_DJI_0431.jpg,I_DJI_0431.txt,15,train
,I_DJI_0433.jpg,I_DJI_0433.txt,15,train
,I_DJI_0456.jpg,I_DJI_0456.txt,15,train
,I_DJI_0458.jpg,I_DJI_0458.txt,15,train
,I_DJI_0459.jpg,I_DJI_0459.txt,15,train
,I_DJI_0465.jpg,I_DJI_0465.txt,15,test
,I_DJI_0472.jpg,I_DJI_0472.txt,15,test
,I_DJI_0489.jpg,I_DJI_0489.txt,15,train
,I_DJI_0498.jpg,I_DJI_0498.txt,15,train
,I_DJI_0506.jpg,I_DJI_0506.txt,15,train
,I_DJI_0528.jpg,I_DJI_0528.txt,15,test
,I_DJI_0548.jpg,I_DJI_0548.txt,15,train
,I_DJI_0562.jpg,I_DJI_0562.txt,15,train
,I_DJI_0563.jpg,I_DJI_0563.txt,15,train
,I_DJI_0580.jpg,I_DJI_0580.txt,15,train
,I_DJI_0586.jpg,I_DJI_0586.txt,15,test
,I_DJI_0595.jpg,I_DJI_0595.txt,15,train
,I_DJI_0619.jpg,I_DJI_0619.txt,15,train
,I_DJI_0620.jpg,I_DJI_0620.txt,15,train
,I_DJI_0631.jpg,I_DJI_0631.txt,15,train
,I_DJI_0632.jpg,I_DJI_0632.txt,15,train
,I_DJI_0634.jpg,I_DJI_0634.txt,15,train
,I_DJI_0636.jpg,I_DJI_0636.txt,15,test
,I_DJI_0648.jpg,I_DJI_0648.txt,15,train
,I_DJI_0675.jpg,I_DJI_0675.txt,15,test
,I_DJI_0677.jpg,I_DJI_0677.txt,15,train
,I_DJI_0678.jpg,I_DJI_0678.txt,15,train
,I_DJI_0692.jpg,I_DJI_0692.txt,15,train
,I_DJI_0699.jpg,I_DJI_0699.txt,15,train
,I_DJI_0707.jpg,I_DJI_0707.txt,15,train
,I_DJI_0710.jpg,I_DJI_0710.txt,15,train
,I_DJI_0711.jpg,I_DJI_0711.txt,15,test
,I_DJI_0712.jpg,I_DJI_0712.txt,15,train
,I_DJI_0717.jpg,I_DJI_0717.txt,15,train
,I_DJI_0723.jpg,I_DJI_0723.txt,15,test
,I_DJI_0724.jpg,I_DJI_0724.txt,15,train
,I_DJI_0734.jpg,I_DJI_0734.txt,15,train
,I_DJI_0735.jpg,I_DJI_0735.txt,15,train
,I_DJI_0740.jpg,I_DJI_0740.txt,15,train
,I_DJI_0755.jpg,I_DJI_0755.txt,15,train
,I_DJI_0758.jpg,I_DJI_0758.txt,15,train
,I_DJI_0784.jpg,I_DJI_0784.txt,15,test
,I_DJI_0799.jpg,I_DJI_0799.txt,15,test
,I_DJI_0804.jpg,I_DJI_0804.txt,15,train
,I_DJI_0822.jpg,I_DJI_0822.txt,15,train
,I_DJI_0823.jpg,I_DJI_0823.txt,15,train
,I_DJI_0824.jpg,I_DJI_0824.txt,15,train
,I_DJI_0839.jpg,I_DJI_0839.txt,15,train
,I_DJI_0869.jpg,I_DJI_0869.txt,15,test
,I_DJI_0891.jpg,I_DJI_0891.txt,15,test
,I_DJI_0909.jpg,I_DJI_0909.txt,15,test
,I_DJI_0999.jpg,I_DJI_0999.txt,15,train
,I_DJI_1036.jpg,I_DJI_1036.txt,15,train
,I_DJI_1037.jpg,I_DJI_1037.txt,15,test
,I_DJI_1039.jpg,I_DJI_1039.txt,15,train
,I_DJI_1042.jpg,I_DJI_1042.txt,15,train
,I_DJI_1048.jpg,I_DJI_1048.txt,15,train
,I_DJI_1053.jpg,I_DJI_1053.txt,15,train
,I_DJI_1055.jpg,I_DJI_1055.txt,15,train
,I_DJI_1128.jpg,I_DJI_1128.txt,15,train
,I_DJI_1134.jpg,I_DJI_1134.txt,15,train
,I_DJI_1135.jpg,I_DJI_1135.txt,15,test
,I_DJI_1648.jpg,I_DJI_1648.txt,15,train
,I_DJI_1677.jpg,I_DJI_1677.txt,15,train
,I_DJI_1776.jpg,I_DJI_1776.txt,15,test
,Cloud_OpenWater_15m_DJI_0079.jpg,Cloud_OpenWater_15m_DJI_0079.txt,15,test
,Sun_MoistSoil_15m_DJI_0564.jpg,Sun_MoistSoil_15m_DJI_0564.txt,15,train
,Sun_MoistSoil_30m_DJI_0763.jpg,Sun_MoistSoil_30m_DJI_0763.txt,30,train
,Sun_MoistSoil_15m_DJI_0093.jpg,Sun_MoistSoil_15m_DJI_0093.txt,15,test
,Sun_MoistSoil_15m_DJI_0469.jpg,Sun_MoistSoil_15m_DJI_0469.txt,15,train
,Sun_MoistSoil_30m_DJI_0711.jpg,Sun_MoistSoil_30m_DJI_0711.txt,30,test
,Sun_MoistSoil_15m_DJI_0137.jpg,Sun_MoistSoil_15m_DJI_0137.txt,15,train
,Sun_MoistSoil_15m_DJI_0935.jpg,Sun_MoistSoil_15m_DJI_0935.txt,15,test
,Sun_MoistSoil_15m_DJI_0392.jpg,Sun_MoistSoil_15m_DJI_0392.txt,15,train
,Sun_MoistSoil_30m_DJI_0866.jpg,Sun_MoistSoil_30m_DJI_0866.txt,30,train
,Sun_MoistSoil_15m_DJI_0795.jpg,Sun_MoistSoil_15m_DJI_0795.txt,15,train
,Sun_MoistSoil_15m_DJI_0062.jpg,Sun_MoistSoil_15m_DJI_0062.txt,15,train
,Cloud_MoistSoil_90m_DJI_0443.jpg,Cloud_MoistSoil_90m_DJI_0443.txt,90,test
,Cloud_MoistSoil_90m_DJI_0445.jpg,Cloud_MoistSoil_90m_DJI_0445.txt,90,train
,Cloud_MoistSoil_90m_DJI_0456.jpg,Cloud_MoistSoil_90m_DJI_0456.txt,90,test
,Cloud_MoistSoil_90m_DJI_0455.jpg,Cloud_MoistSoil_90m_DJI_0455.txt,90,train
,Cloud_MoistSoil_30m_DJI_0840.jpg,Cloud_MoistSoil_30m_DJI_0840.txt,30,test
,Cloud_MoistSoil_30m_DJI_0807.jpg,Cloud_MoistSoil_30m_DJI_0807.txt,30,train
,Cloud_MoistSoil_30m_DJI_0864.jpg,Cloud_MoistSoil_30m_DJI_0864.txt,30,test
,Cloud_MoistSoil_30m_DJI_0858.jpg,Cloud_MoistSoil_30m_DJI_0858.txt,30,train
,Cloud_MoistSoil_30m_DJI_0886.jpg,Cloud_MoistSoil_30m_DJI_0886.txt,30,train
,Cloud_MoistSoil_30m_DJI_0881.jpg,Cloud_MoistSoil_30m_DJI_0881.txt,30,train
,Cloud_MoistSoil_15m_DJI_0072.jpg,Cloud_MoistSoil_15m_DJI_0072.txt,15,train
,Cloud_MoistSoil_15m_DJI_0023.jpg,Cloud_MoistSoil_15m_DJI_0023.txt,15,train
,Cloud_MoistSoil_15m_DJI_0236.jpg,Cloud_MoistSoil_15m_DJI_0236.txt,15,train
,Cloud_MoistSoil_15m_DJI_0047.jpg,Cloud_MoistSoil_15m_DJI_0047.txt,15,train
,Cloud_MoistSoil_15m_DJI_0999.jpg,Cloud_MoistSoil_15m_DJI_0999.txt,15,train
,Cloud_MoistSoil_15m_DJI_0247.jpg,Cloud_MoistSoil_15m_DJI_0247.txt,15,train
,Cloud_MoistSoil_15m_DJI_0098.jpg,Cloud_MoistSoil_15m_DJI_0098.txt,15,test
,Cloud_Dense_60m_DJI_0801.jpg,Cloud_Dense_60m_DJI_0801.txt,60,train
,Sun_StandingCorn_30m_DJI_0080.jpg,Sun_StandingCorn_30m_DJI_0080.txt,30,train
,Sun_StandingCorn_30m_DJI_0104.jpg,Sun_StandingCorn_30m_DJI_0104.txt,30,train
,Sun_StandingCorn_30m_DJI_0848.jpg,Sun_StandingCorn_30m_DJI_0848.txt,30,train
,Sun_StandingCorn_30m_DJI_0906.jpg,Sun_StandingCorn_30m_DJI_0906.txt,30,test
,Sun_StandingCorn_15m_DJI_0474.jpg,Sun_StandingCorn_15m_DJI_0474.txt,15,train
,Sun_StandingCorn_15m_DJI_0448.jpg,Sun_StandingCorn_15m_DJI_0448.txt,15,train
,Sun_StandingCorn_60m_DJI_0328.jpg,Sun_StandingCorn_60m_DJI_0328.txt,60,train
,Sun_StandingCorn_60m_DJI_0335.jpg,Sun_StandingCorn_60m_DJI_0335.txt,60,train
,Sun_StandingCorn_60m_DJI_0312.jpg,Sun_StandingCorn_60m_DJI_0312.txt,60,train
,Sun_StandingCorn_90m_DJI_0015.jpg,Sun_StandingCorn_90m_DJI_0015.txt,90,train
,Sun_StandingCorn_90m_DJI_0058.jpg,Sun_StandingCorn_90m_DJI_0058.txt,90,test
,Sun_StandingCorn_30m_DJI_0629.jpg,Sun_StandingCorn_30m_DJI_0629.txt,30,train
,Sun_StandingCorn_15m_DJI_0255.jpg,Sun_StandingCorn_15m_DJI_0255.txt,15,train
,Sun_StandingCorn_15m_DJI_0889.jpg,Sun_StandingCorn_15m_DJI_0889.txt,15,train
,Cloud_StandingCorn_90m_DJI_0438.jpg,Cloud_StandingCorn_90m_DJI_0438.txt,90,train
,Cloud_StandingCorn_90m_DJI_0409.jpg,Cloud_StandingCorn_90m_DJI_0409.txt,90,train
,Cloud_StandingCorn_30m_DJI_0749.jpg,Cloud_StandingCorn_30m_DJI_0749.txt,30,train
,Cloud_StandingCorn_30m_DJI_0776.jpg,Cloud_StandingCorn_30m_DJI_0776.txt,30,test
,Cloud_StandingCorn_30m_DJI_0775.jpg,Cloud_StandingCorn_30m_DJI_0775.txt,30,train
,Cloud_StandingCorn_30m_DJI_0746.jpg,Cloud_StandingCorn_30m_DJI_0746.txt,30,train
,Cloud_StandingCorn_30m_DJI_0754.jpg,Cloud_StandingCorn_30m_DJI_0754.txt,30,train
,Cloud_StandingCorn_15m_DJI_0044.jpg,Cloud_StandingCorn_15m_DJI_0044.txt,15,train
,Cloud_StandingCorn_15m_DJI_0192.jpg,Cloud_StandingCorn_15m_DJI_0192.txt,15,train
,Cloud_StandingCorn_15m_DJI_0217.jpg,Cloud_StandingCorn_15m_DJI_0217.txt,15,test
,Cloud_StandingCorn_60m_DJI_0651.jpg,Cloud_StandingCorn_60m_DJI_0651.txt,60,train
,Cloud_StandingCorn_60m_DJI_0617.jpg,Cloud_StandingCorn_60m_DJI_0617.txt,60,test
,Cloud_StandingCorn_60m_DJI_0606.jpg,Cloud_StandingCorn_60m_DJI_0606.txt,60,test
,Cloud_StandingCorn_90m_DJI_0529.jpg,Cloud_StandingCorn_90m_DJI_0529.txt,90,test
,Cloud_StandingCorn_90m_DJI_0534.jpg,Cloud_StandingCorn_90m_DJI_0534.txt,90,train
,Cloud_StandingCorn_90m_DJI_0533.jpg,Cloud_StandingCorn_90m_DJI_0533.txt,90,train
,Cloud_StandingCorn_30m_DJI_0016.jpg,Cloud_StandingCorn_30m_DJI_0016.txt,30,test
,Cloud_StandingCorn_30m_DJI_0014.jpg,Cloud_StandingCorn_30m_DJI_0014.txt,30,train
,Cloud_StandingCorn_15m_DJI_0293.jpg,Cloud_StandingCorn_15m_DJI_0293.txt,15,test
,Cloud_StandingCorn_60m_DJI_0730.jpg,Cloud_StandingCorn_60m_DJI_0730.txt,60,train
,Cloud_StandingCorn_60m_DJI_0785.jpg,Cloud_StandingCorn_60m_DJI_0785.txt,60,test
,Cloud_StandingCorn_60m_DJI_0782.jpg,Cloud_StandingCorn_60m_DJI_0782.txt,60,train
,Sun_HarvestedCrop_30m_DJI_0553.jpg,Sun_HarvestedCrop_30m_DJI_0553.txt,30,train
,Sun_HarvestedCrop_30m_DJI_0917.jpg,Sun_HarvestedCrop_30m_DJI_0917.txt,30,test
,Sun_HarvestedCrop_15m_DJI_0758.jpg,Sun_HarvestedCrop_15m_DJI_0758.txt,15,test
,Sun_HarvestedCrop_15m_DJI_0736.jpg,Sun_HarvestedCrop_15m_DJI_0736.txt,15,train
,Sun_HarvestedCrop_15m_DJI_0719.jpg,Sun_HarvestedCrop_15m_DJI_0719.txt,15,train
,Sun_HarvestedCrop_15m_DJI_0713.jpg,Sun_HarvestedCrop_15m_DJI_0713.txt,15,train
,Sun_HarvestedCrop_15m_DJI_0744.jpg,Sun_HarvestedCrop_15m_DJI_0744.txt,15,train
,Sun_HarvestedCrop_15m_DJI_0739.jpg,Sun_HarvestedCrop_15m_DJI_0739.txt,15,train
,Sun_HarvestedCrop_15m_DJI_0698.jpg,Sun_HarvestedCrop_15m_DJI_0698.txt,15,train
,Sun_HarvestedCrop_30m_DJI_0825.jpg,Sun_HarvestedCrop_30m_DJI_0825.txt,30,test
,Sun_HarvestedCrop_30m_DJI_0625.jpg,Sun_HarvestedCrop_30m_DJI_0625.txt,30,train
,Cloud_HarvestedCrop_30m_DJI_0843.jpg,Cloud_HarvestedCrop_30m_DJI_0843.txt,30,train
,Cloud_HarvestedCrop_30m_DJI_0995.jpg,Cloud_HarvestedCrop_30m_DJI_0995.txt,30,train
,Cloud_HarvestedCrop_15m_DJI_0381.jpg,Cloud_HarvestedCrop_15m_DJI_0381.txt,15,train
,Cloud_HarvestedCrop_15m_DJI_0292.jpg,Cloud_HarvestedCrop_15m_DJI_0292.txt,15,test
,Cloud_HarvestedCrop_30m_DJI_0922.jpg,Cloud_HarvestedCrop_30m_DJI_0922.txt,30,train
,Cloud_HarvestedCrop_30m_DJI_0884.jpg,Cloud_HarvestedCrop_30m_DJI_0884.txt,30,train
,Cloud_HarvestedCrop_30m_DJI_0999.jpg,Cloud_HarvestedCrop_30m_DJI_0999.txt,30,train
,Cloud_HarvestedCrop_30m_DJI_0067.jpg,Cloud_HarvestedCrop_30m_DJI_0067.txt,30,train
,Cloud_HarvestedCrop_15m_DJI_0723.jpg,Cloud_HarvestedCrop_15m_DJI_0723.txt,15,train
,Cloud_HarvestedCrop_15m_DJI_0480.jpg,Cloud_HarvestedCrop_15m_DJI_0480.txt,15,train
,Cloud_HarvestedCrop_30m_DJI_0268.jpg,Cloud_HarvestedCrop_30m_DJI_0268.txt,30,train
,Cloud_HarvestedCrop_30m_DJI_0451.jpg,Cloud_HarvestedCrop_30m_DJI_0451.txt,30,train
,Cloud_HarvestedCrop_15m_DJI_0350.jpg,Cloud_HarvestedCrop_15m_DJI_0350.txt,15,train
,Cloud_HarvestedCrop_15m_DJI_0331.jpg,Cloud_HarvestedCrop_15m_DJI_0331.txt,15,train
,Sun_Lotus_30m_DJI_0015.jpg,Sun_Lotus_30m_DJI_0015.txt,30,train
,Sun_Lotus_30m_DJI_0230.jpg,Sun_Lotus_30m_DJI_0230.txt,30,train
,Sun_Lotus_30m_DJI_0949.jpg,Sun_Lotus_30m_DJI_0949.txt,30,train
,Sun_Lotus_30m_DJI_0037.jpg,Sun_Lotus_30m_DJI_0037.txt,30,train
,Sun_Lotus_30m_DJI_0021.jpg,Sun_Lotus_30m_DJI_0021.txt,30,train
,Sun_Lotus_30m_DJI_0017.jpg,Sun_Lotus_30m_DJI_0017.txt,30,train
,Sun_Lotus_15m_DJI_0054.jpg,Sun_Lotus_15m_DJI_0054.txt,15,train
,Sun_Lotus_15m_DJI_0161.jpg,Sun_Lotus_15m_DJI_0161.txt,15,train
,Sun_Lotus_15m_DJI_0137.jpg,Sun_Lotus_15m_DJI_0137.txt,15,train
,Sun_Lotus_15m_DJI_0125.jpg,Sun_Lotus_15m_DJI_0125.txt,15,train
,Sun_Lotus_15m_DJI_0178.jpg,Sun_Lotus_15m_DJI_0178.txt,15,train
,Sun_Lotus_60m_DJI_0393.jpg,Sun_Lotus_60m_DJI_0393.txt,60,train
,Sun_Lotus_60m_DJI_0304.jpg,Sun_Lotus_60m_DJI_0304.txt,60,train
,Sun_Lotus_60m_DJI_0320.jpg,Sun_Lotus_60m_DJI_0320.txt,60,train
,Sun_Lotus_60m_DJI_0339.jpg,Sun_Lotus_60m_DJI_0339.txt,60,train
,Sun_Lotus_60m_DJI_0328.jpg,Sun_Lotus_60m_DJI_0328.txt,60,train
,Cloud_Lotus_30m_DJI_0019.jpg,Cloud_Lotus_30m_DJI_0019.txt,30,test
,Cloud_Lotus_30m_DJI_0394.jpg,Cloud_Lotus_30m_DJI_0394.txt,30,train
,Cloud_Lotus_30m_DJI_0381.jpg,Cloud_Lotus_30m_DJI_0381.txt,30,train
,Cloud_Lotus_30m_DJI_0384.jpg,Cloud_Lotus_30m_DJI_0384.txt,30,train
,Cloud_Lotus_30m_DJI_0399.jpg,Cloud_Lotus_30m_DJI_0399.txt,30,test
,Cloud_Lotus_30m_DJI_0488.jpg,Cloud_Lotus_30m_DJI_0488.txt,30,test
,Cloud_Lotus_30m_DJI_0452.jpg,Cloud_Lotus_30m_DJI_0452.txt,30,train
,Cloud_Lotus_15m_DJI_0776.jpg,Cloud_Lotus_15m_DJI_0776.txt,15,train
,Cloud_Lotus_15m_DJI_0913.jpg,Cloud_Lotus_15m_DJI_0913.txt,15,train
,Cloud_Lotus_15m_DJI_0823.jpg,Cloud_Lotus_15m_DJI_0823.txt,15,train
,Cloud_Lotus_15m_DJI_0864.jpg,Cloud_Lotus_15m_DJI_0864.txt,15,train
,Cloud_Lotus_15m_DJI_0916.jpg,Cloud_Lotus_15m_DJI_0916.txt,15,test
,Cloud_Lotus_15m_DJI_0866.jpg,Cloud_Lotus_15m_DJI_0866.txt,15,train
,Cloud_Lotus_15m_DJI_0926.jpg,Cloud_Lotus_15m_DJI_0926.txt,15,train
,Sun_Wooded_30m_DJI_0753.jpg,Sun_Wooded_30m_DJI_0753.txt,30,test
,Sun_Wooded_30m_DJI_0756.jpg,Sun_Wooded_30m_DJI_0756.txt,30,train
,Sun_Wooded_30m_DJI_0761.jpg,Sun_Wooded_30m_DJI_0761.txt,30,train
,Sun_Wooded_30m_DJI_0871.jpg,Sun_Wooded_30m_DJI_0871.txt,30,test
,Cloud_Wooded_30m_DJI_0379.jpg,Cloud_Wooded_30m_DJI_0379.txt,30,train
,Cloud_Wooded_30m_DJI_0689.jpg,Cloud_Wooded_30m_DJI_0689.txt,30,train
,Cloud_Wooded_30m_DJI_0760.jpg,Cloud_Wooded_30m_DJI_0760.txt,30,train
,Cloud_Wooded_30m_DJI_0705.jpg,Cloud_Wooded_30m_DJI_0705.txt,30,train
,Cloud_Wooded_30m_DJI_0462.jpg,Cloud_Wooded_30m_DJI_0462.txt,30,train
,Cloud_Wooded_30m_DJI_0432.jpg,Cloud_Wooded_30m_DJI_0432.txt,30,train
,Sun_Land_30m_DJI_0946.jpg,Sun_Land_30m_DJI_0946.txt,30,train
,Sun_Land_30m_DJI_0554.jpg,Sun_Land_30m_DJI_0554.txt,30,train
,Sun_Land_30m_DJI_0643.jpg,Sun_Land_30m_DJI_0643.txt,30,train
,Sun_Land_30m_DJI_0189.jpg,Sun_Land_30m_DJI_0189.txt,30,train
,Sun_Land_30m_DJI_0040.jpg,Sun_Land_30m_DJI_0040.txt,30,test
,Sun_Land_15m_DJI_0720.jpg,Sun_Land_15m_DJI_0720.txt,15,test
,Sun_Land_15m_DJI_0789.jpg,Sun_Land_15m_DJI_0789.txt,15,train
,Sun_Land_15m_DJI_0771.jpg,Sun_Land_15m_DJI_0771.txt,15,train
,Cloud_Land_30m_F1_DJI_0638.jpg,Cloud_Land_30m_F1_DJI_0638.txt,30,train
,Cloud_Land_30m_F1_DJI_0640.jpg,Cloud_Land_30m_F1_DJI_0640.txt,30,train
,Cloud_Land_30m_F1_DJI_0639.jpg,Cloud_Land_30m_F1_DJI_0639.txt,30,train
,Cloud_Land_30m_DJI_0283.jpg,Cloud_Land_30m_DJI_0283.txt,30,train
,Cloud_Land_30m_DJI_0474.jpg,Cloud_Land_30m_DJI_0474.txt,30,train
,Cloud_Land_30m_DJI_0139.jpg,Cloud_Land_30m_DJI_0139.txt,30,train
,Cloud_Land_15m_DJI_0344.jpg,Cloud_Land_15m_DJI_0344.txt,15,train
,Cloud_Land_15m_DJI_0350.jpg,Cloud_Land_15m_DJI_0350.txt,15,train
,Cloud_Land_60m_DJI_0246.jpg,Cloud_Land_60m_DJI_0246.txt,60,train
,Cloud_Land_60m_DJI_0707.jpg,Cloud_Land_60m_DJI_0707.txt,60,train
,Cloud_Land_60m_DJI_0749.jpg,Cloud_Land_60m_DJI_0749.txt,60,train
,Cloud_Land_60m_DJI_0665.jpg,Cloud_Land_60m_DJI_0665.txt,60,train
,Cloud_Land_15m_F1_DJI_0874.jpg,Cloud_Land_15m_F1_DJI_0874.txt,15,train
,Cloud_Land_15m_F1_DJI_0819.jpg,Cloud_Land_15m_F1_DJI_0819.txt,15,train
,Cloud_Land_15m_F1_DJI_0816.jpg,Cloud_Land_15m_F1_DJI_0816.txt,15,train
,Cloud_Land_15m_F1_DJI_0846.jpg,Cloud_Land_15m_F1_DJI_0846.txt,15,train
,Sun_ShrubScrub_15m_DJI_0182.jpg,Sun_ShrubScrub_15m_DJI_0182.txt,15,test
,Sun_ShrubScrub_15m_DJI_0176.jpg,Sun_ShrubScrub_15m_DJI_0176.txt,15,train
,Sun_ShrubScrub_30m_DJI_0063.jpg,Sun_ShrubScrub_30m_DJI_0063.txt,30,train
,Sun_ShrubScrub_30m_DJI_0001.jpg,Sun_ShrubScrub_30m_DJI_0001.txt,30,train
,Sun_ShrubScrub_30m_DJI_0041.jpg,Sun_ShrubScrub_30m_DJI_0041.txt,30,train
,Sun_ShrubScrub_30m_DJI_0068.jpg,Sun_ShrubScrub_30m_DJI_0068.txt,30,train
,Sun_ShrubScrub_15m_DJI_0485.jpg,Sun_ShrubScrub_15m_DJI_0485.txt,15,test
,Sun_MoistSoil_90m_DJI_0244.jpg,Sun_MoistSoil_90m_DJI_0244.txt,90,train
,Cloud_MoistSoil_90m_DJI_0428.jpg,Cloud_MoistSoil_90m_DJI_0428.txt,90,train
,Cloud_StandingCorn_30m_DJI_0832.jpg,Cloud_StandingCorn_30m_DJI_0832.txt,30,train
,Sun_Lotus_90m_DJI_0454.jpg,Sun_Lotus_90m_DJI_0454.txt,90,train
,Cloud_Land_30m_F1_DJI_0637.jpg,Cloud_Land_30m_F1_DJI_0637.txt,30,test
,Cloud_Wooded_30m_DJI_0520.jpg,Cloud_Wooded_30m_DJI_0520.txt,30,test
,Sun_HarvestedCrop_30m_DJI_0594.jpg,Sun_HarvestedCrop_30m_DJI_0594.txt,30,test
,Sun_ShrubScrub_30m_DJI_0784.jpg,Sun_ShrubScrub_30m_DJI_0784.txt,30,train
,Sun_Wooded_30m_DJI_0365.jpg,Sun_Wooded_30m_DJI_0365.txt,30,train
,Cloud_StandingCorn_15m_DJI_0012.jpg,Cloud_StandingCorn_15m_DJI_0012.txt,15,train
,Sun_StandingCorn_30m_DJI_0142.jpg,Sun_StandingCorn_30m_DJI_0142.txt,30,train
,Sun_Land_30m_DJI_0943.jpg,Sun_Land_30m_DJI_0943.txt,30,train
,Cloud_Lotus_30m_DJI_0579.jpg,Cloud_Lotus_30m_DJI_0579.txt,30,train
,Cloud_StandingCorn_60m_DJI_0675.jpg,Cloud_StandingCorn_60m_DJI_0675.txt,60,train
,Sun_MoistSoil_15m_DJI_0712.jpg,Sun_MoistSoil_15m_DJI_0712.txt,15,train
,Cloud_OpenWater_15m_DJI_0040.jpg,Cloud_OpenWater_15m_DJI_0040.txt,15,train
,Sun_Lotus_15m_DJI_0056.jpg,Sun_Lotus_15m_DJI_0056.txt,15,train
,Cloud_MoistSoil_15m_DJI_0162.jpg,Cloud_MoistSoil_15m_DJI_0162.txt,15,train
,Cloud_StandingCorn_15m_DJI_0378.jpg,Cloud_StandingCorn_15m_DJI_0378.txt,15,train
,Cloud_HarvestedCrop_15m_DJI_0646.jpg,Cloud_HarvestedCrop_15m_DJI_0646.txt,15,train
,Sun_Lotus_30m_DJI_0012.jpg,Sun_Lotus_30m_DJI_0012.txt,30,train
,Cloud_HarvestedCrop_30m_DJI_0032.jpg,Cloud_HarvestedCrop_30m_DJI_0032.txt,30,train
,Cloud_StandingCorn_60m_DJI_0648.jpg,Cloud_StandingCorn_60m_DJI_0648.txt,60,train
,Cloud_Land_60m_DJI_0671.jpg,Cloud_Land_60m_DJI_0671.txt,60,train
,Cloud_Dense_60m_DJI_0646.jpg,Cloud_Dense_60m_DJI_0646.txt,60,train
,Sun_StandingCorn_15m_DJI_0473.jpg,Sun_StandingCorn_15m_DJI_0473.txt,15,train
,Cloud_Lotus_15m_DJI_0914.jpg,Cloud_Lotus_15m_DJI_0914.txt,15,train
,Cloud_MoistSoil_60m_DJI_0608.jpg,Cloud_MoistSoil_60m_DJI_0608.txt,60,train
,Sun_Lotus_15m_DJI_0087.jpg,Sun_Lotus_15m_DJI_0087.txt,15,train
,Cloud_MoistSoil_15m_DJI_0133.jpg,Cloud_MoistSoil_15m_DJI_0133.txt,15,test
,Sun_ShrubScrub_60m_DJI_0983.jpg,Sun_ShrubScrub_60m_DJI_0983.txt,60,train
,Sun_StandingCorn_15m_DJI_0459.jpg,Sun_StandingCorn_15m_DJI_0459.txt,15,train
,Sun_Land_15m_DJI_0745.jpg,Sun_Land_15m_DJI_0745.txt,15,train
,Cloud_Land_15m_F1_DJI_0845.jpg,Cloud_Land_15m_F1_DJI_0845.txt,15,train
,Sun_Lotus_30m_DJI_0961.jpg,Sun_Lotus_30m_DJI_0961.txt,30,train
,Sun_ShrubScrub_15m_DJI_0466.jpg,Sun_ShrubScrub_15m_DJI_0466.txt,15,train
,Cloud_Land_15m_DJI_0325.jpg,Cloud_Land_15m_DJI_0325.txt,15,test
,Sun_HarvestedCrop_30m_DJI_0950.jpg,Sun_HarvestedCrop_30m_DJI_0950.txt,30,train
,Cloud_MoistSoil_30m_DJI_0951.jpg,Cloud_MoistSoil_30m_DJI_0951.txt,30,train
,Cloud_StandingCorn_90m_DJI_0477.jpg,Cloud_StandingCorn_90m_DJI_0477.txt,90,test
,Sun_StandingCorn_60m_DJI_0236.jpg,Sun_StandingCorn_60m_DJI_0236.txt,60,train
,Cloud_MoistSoil_30m_DJI_0522.jpg,Cloud_MoistSoil_30m_DJI_0522.txt,30,train
,Cloud_StandingCorn_90m_DJI_0478.jpg,Cloud_StandingCorn_90m_DJI_0478.txt,90,train
,Sun_HarvestedCrop_15m_DJI_0339.jpg,Sun_HarvestedCrop_15m_DJI_0339.txt,15,test
,Cloud_Wooded_30m_DJI_0374.jpg,Cloud_Wooded_30m_DJI_0374.txt,30,train
,Sun_MoistSoil_30m_DJI_0268.jpg,Sun_MoistSoil_30m_DJI_0268.txt,30,test
,Sun_HarvestedCrop_60m_DJI_0465.jpg,Sun_HarvestedCrop_60m_DJI_0465.txt,60,test
,Cloud_StandingCorn_30m_DJI_0750.jpg,Cloud_StandingCorn_30m_DJI_0750.txt,30,train
,Sun_Lotus_60m_DJI_0376.jpg,Sun_Lotus_60m_DJI_0376.txt,60,train
,Cloud_Lotus_15m_DJI_0891.jpg,Cloud_Lotus_15m_DJI_0891.txt,15,train
,Cloud_Lotus_30m_DJI_0067.jpg,Cloud_Lotus_30m_DJI_0067.txt,30,test
,Cloud_HarvestedCrop_15m_DJI_0571.jpg,Cloud_HarvestedCrop_15m_DJI_0571.txt,15,train
,Sun_StandingCorn_90m_DJI_0102.jpg,Sun_StandingCorn_90m_DJI_0102.txt,90,train
,Sun_ShrubScrub_60m_DJI_0987.jpg,Sun_ShrubScrub_60m_DJI_0987.txt,60,train
,Cloud_Land_90m_DJI_0837.jpg,Cloud_Land_90m_DJI_0837.txt,90,test
,Sun_Wooded_30m_DJI_0445.jpg,Sun_Wooded_30m_DJI_0445.txt,30,train
,Sun_StandingCorn_90m_DJI_0059.jpg,Sun_StandingCorn_90m_DJI_0059.txt,90,train
,Cloud_StandingCorn_30m_DJI_0805.jpg,Cloud_StandingCorn_30m_DJI_0805.txt,30,train
,Cloud_StandingCorn_15m_DJI_0223.jpg,Cloud_StandingCorn_15m_DJI_0223.txt,15,test
,Cloud_MoistSoil_15m_DJI_0033.jpg,Cloud_MoistSoil_15m_DJI_0033.txt,15,train
,Sun_Lotus_60m_DJI_0373.jpg,Sun_Lotus_60m_DJI_0373.txt,60,train
,Cloud_Land_15m_F1_DJI_0817.jpg,Cloud_Land_15m_F1_DJI_0817.txt,15,train
,Sun_Land_15m_DJI_0718.jpg,Sun_Land_15m_DJI_0718.txt,15,train
,Cloud_MoistSoil_90m_DJI_0447.jpg,Cloud_MoistSoil_90m_DJI_0447.txt,90,train
,Sun_ShrubScrub_15m_DJI_0310.jpg,Sun_ShrubScrub_15m_DJI_0310.txt,15,train
,Sun_StandingCorn_60m_DJI_0330.jpg,Sun_StandingCorn_60m_DJI_0330.txt,60,train
,Sun_ShrubScrub_30m_DJI_0976.jpg,Sun_ShrubScrub_30m_DJI_0976.txt,30,test
,Cloud_MoistSoil_60m_DJI_0624.jpg,Cloud_MoistSoil_60m_DJI_0624.txt,60,train
,Cloud_StandingCorn_15m_DJI_0259.jpg,Cloud_StandingCorn_15m_DJI_0259.txt,15,train
,Cloud_OpenWater_30m_DJI_0010.jpg,Cloud_OpenWater_30m_DJI_0010.txt,30,test
,Sun_Lotus_30m_DJI_0035.jpg,Sun_Lotus_30m_DJI_0035.txt,30,train
,Cloud_HarvestedCrop_15m_DJI_0409.jpg,Cloud_HarvestedCrop_15m_DJI_0409.txt,15,train
,Cloud_Land_15m_DJI_0331.jpg,Cloud_Land_15m_DJI_0331.txt,15,test
,Sun_Land_30m_DJI_0188.jpg,Sun_Land_30m_DJI_0188.txt,30,train
,Cloud_MoistSoil_30m_DJI_0857.jpg,Cloud_MoistSoil_30m_DJI_0857.txt,30,train
,Cloud_StandingCorn_90m_DJI_0433.jpg,Cloud_StandingCorn_90m_DJI_0433.txt,90,train
,Sun_StandingCorn_15m_DJI_0495.jpg,Sun_StandingCorn_15m_DJI_0495.txt,15,train
,Cloud_Land_60m_DJI_0670.jpg,Cloud_Land_60m_DJI_0670.txt,60,test
,Sun_StandingCorn_30m_DJI_0919.jpg,Sun_StandingCorn_30m_DJI_0919.txt,30,train
,Cloud_Wooded_30m_DJI_0483.jpg,Cloud_Wooded_30m_DJI_0483.txt,30,train
,Sun_HarvestedCrop_30m_DJI_0944.jpg,Sun_HarvestedCrop_30m_DJI_0944.txt,30,train
,Sun_OpenWater_30m_DJI_0606.jpg,Sun_OpenWater_30m_DJI_0606.txt,30,train
,Sun_HarvestedCrop_60m_DJI_0434.jpg,Sun_HarvestedCrop_60m_DJI_0434.txt,60,test
,Sun_StandingCorn_30m_DJI_0673.jpg,Sun_StandingCorn_30m_DJI_0673.txt,30,test
,Sun_Wooded_60m_DJI_0220.jpg,Sun_Wooded_60m_DJI_0220.txt,60,train
,Cloud_Wooded_30m_DJI_0467.jpg,Cloud_Wooded_30m_DJI_0467.txt,30,train
,Sun_HarvestedCrop_15m_DJI_0717.jpg,Sun_HarvestedCrop_15m_DJI_0717.txt,15,train
,Cloud_Lotus_15m_DJI_0648.jpg,Cloud_Lotus_15m_DJI_0648.txt,15,train
,Cloud_StandingCorn_60m_DJI_0781.jpg,Cloud_StandingCorn_60m_DJI_0781.txt,60,train
,Sun_Lotus_90m_DJI_0445.jpg,Sun_Lotus_90m_DJI_0445.txt,90,train
,Cloud_Dense_60m_DJI_0648.jpg,Cloud_Dense_60m_DJI_0648.txt,60,train
,Sun_Lotus_30m_DJI_0019.jpg,Sun_Lotus_30m_DJI_0019.txt,30,test
,Sun_MoistSoil_60m_DJI_0394.jpg,Sun_MoistSoil_60m_DJI_0394.txt,60,train
,Sun_MoistSoil_15m_DJI_0238.jpg,Sun_MoistSoil_15m_DJI_0238.txt,15,test
,Cloud_HarvestedCrop_15m_DJI_0251.jpg,Cloud_HarvestedCrop_15m_DJI_0251.txt,15,train
,Sun_HarvestedCrop_15m_DJI_0789.jpg,Sun_HarvestedCrop_15m_DJI_0789.txt,15,test
,Cloud_Lotus_30m_DJI_0102.jpg,Cloud_Lotus_30m_DJI_0102.txt,30,train
,Cloud_Lotus_90m_DJI_0959.jpg,Cloud_Lotus_90m_DJI_0959.txt,90,train
,Cloud_HarvestedCrop_30m_DJI_0953.jpg,Cloud_HarvestedCrop_30m_DJI_0953.txt,30,train
,Sun_MoistSoil_30m_DJI_0584.jpg,Sun_MoistSoil_30m_DJI_0584.txt,30,train
,Cloud_OpenWater_15m_DJI_0039.jpg,Cloud_OpenWater_15m_DJI_0039.txt,15,train
,Sun_StandingCorn_60m_DJI_0289.jpg,Sun_StandingCorn_60m_DJI_0289.txt,60,train
,Sun_MoistSoil_90m_DJI_0973.jpg,Sun_MoistSoil_90m_DJI_0973.txt,90,train
,Sun_Lotus_15m_DJI_0135.jpg,Sun_Lotus_15m_DJI_0135.txt,15,train
,Cloud_Land_30m_DJI_0109.jpg,Cloud_Land_30m_DJI_0109.txt,30,train
,Cloud_MoistSoil_30m_DJI_0836.jpg,Cloud_MoistSoil_30m_DJI_0836.txt,30,train
